<?xml version="1.0" encoding="UTF-8"?>
<beans xmlns="http://www.springframework.org/schema/beans"
	xmlns:xsi="http://www.w3.org/2001/XMLSchema-instance" xmlns:jaxws="http://cxf.apache.org/jaxws"
	xmlns:cxf="http://cxf.apache.org/core" xmlns:soap="http://cxf.apache.org/bindings/soap"
	xsi:schemaLocation="http://cxf.apache.org/core http://cxf.apache.org/schemas/core.xsd http://www.springframework.org/schema/beans http://www.springframework.org/schema/beans/spring-beans.xsd http://cxf.apache.org/bindings/soap http://cxf.apache.org/schemas/configuration/soap.xsd http://cxf.apache.org/jaxws http://cxf.apache.org/schemas/jaxws.xsd">
	<jaxws:server id="fileManager"
		serviceClass="com.mahes.SWA.WS.FileManagerImpl"
		address="/fileManager">
		<jaxws:serviceBean>
			<bean class="com.mahes.SWA.WS.FileManagerImpl" />
		</jaxws:serviceBean>
		<jaxws:properties>
			<entry key="mtom-enabled" value="true" />
		</jaxws:properties>
	</jaxws:server>
</beans>
